{
  "Australia": 0.899999976,
  "Canada": 0.5,
  "Germany": 5.699999809,
  "Japan": 1.299999952,
  "Mexico": 0.100000001,
  "New Zealand": 0.200000003,
  "Romania": 0,
  "Russia": 0,
  "Slovenia": 0,
  "Spain": 2.200000048,
  "Sweden": 0,
  "United States": 0.5
}
